{
  "features": {
    "mask_area": 35986,
    "area_ratio": 0.549102783203125,
    "bbox_area": 46492,
    "extent": 0.7740256388195819,
    "solidity": 0.9855472959902728,
    "perimeter": 733.6711348295212,
    "circularity": 0.8401185499919415,
    "mean_r": 152.02362029678207,
    "mean_g": 67.25626632579336,
    "mean_b": 66.86842105263158,
    "mean_h": 67.75521035958428,
    "mean_s": 148.04048796754293,
    "mean_v": 152.02362029678207,
    "std_h": 86.09059035312369,
    "std_s": 46.89828837831595,
    "std_v": 38.62187096552048,
    "dark_ratio": 0.008531095425998999,
    "brown_ratio": 0.01778469404768521,
    "laplacian_var": 320.2857709761828,
    "gray_std": 35.551415083869216
  },
  "quality_assessment": {
    "quality_score": 100.0,
    "quality_grade": "A",
    "quality_label": "Excellent",
    "deductions": [],
    "interpretation": "Rule-based manual feature assessment using color, shape, and texture cues."
  }
}